USE [master]
GO
/****** Object:  Database [QuanLyNhanSu_NMC]    Script Date: 12/21/2020 3:11:34 PM ******/
CREATE DATABASE [QuanLyNhanSu_NMC]
 CONTAINMENT = NONE
 ON  PRIMARY 
( NAME = N'QuanLyNhanSu_NMC', FILENAME = N'C:\Program Files\Microsoft SQL Server\MSSQL14.MSSQLSERVER\MSSQL\DATA\QuanLyNhanSu_NMC.mdf' , SIZE = 8192KB , MAXSIZE = UNLIMITED, FILEGROWTH = 65536KB )
 LOG ON 
( NAME = N'QuanLyNhanSu_NMC_log', FILENAME = N'C:\Program Files\Microsoft SQL Server\MSSQL14.MSSQLSERVER\MSSQL\DATA\QuanLyNhanSu_NMC_log.ldf' , SIZE = 8192KB , MAXSIZE = 2048GB , FILEGROWTH = 65536KB )
GO
ALTER DATABASE [QuanLyNhanSu_NMC] SET COMPATIBILITY_LEVEL = 140
GO
IF (1 = FULLTEXTSERVICEPROPERTY('IsFullTextInstalled'))
begin
EXEC [QuanLyNhanSu_NMC].[dbo].[sp_fulltext_database] @action = 'enable'
end
GO
ALTER DATABASE [QuanLyNhanSu_NMC] SET ANSI_NULL_DEFAULT OFF 
GO
ALTER DATABASE [QuanLyNhanSu_NMC] SET ANSI_NULLS OFF 
GO
ALTER DATABASE [QuanLyNhanSu_NMC] SET ANSI_PADDING OFF 
GO
ALTER DATABASE [QuanLyNhanSu_NMC] SET ANSI_WARNINGS OFF 
GO
ALTER DATABASE [QuanLyNhanSu_NMC] SET ARITHABORT OFF 
GO
ALTER DATABASE [QuanLyNhanSu_NMC] SET AUTO_CLOSE OFF 
GO
ALTER DATABASE [QuanLyNhanSu_NMC] SET AUTO_SHRINK OFF 
GO
ALTER DATABASE [QuanLyNhanSu_NMC] SET AUTO_UPDATE_STATISTICS ON 
GO
ALTER DATABASE [QuanLyNhanSu_NMC] SET CURSOR_CLOSE_ON_COMMIT OFF 
GO
ALTER DATABASE [QuanLyNhanSu_NMC] SET CURSOR_DEFAULT  GLOBAL 
GO
ALTER DATABASE [QuanLyNhanSu_NMC] SET CONCAT_NULL_YIELDS_NULL OFF 
GO
ALTER DATABASE [QuanLyNhanSu_NMC] SET NUMERIC_ROUNDABORT OFF 
GO
ALTER DATABASE [QuanLyNhanSu_NMC] SET QUOTED_IDENTIFIER OFF 
GO
ALTER DATABASE [QuanLyNhanSu_NMC] SET RECURSIVE_TRIGGERS OFF 
GO
ALTER DATABASE [QuanLyNhanSu_NMC] SET  DISABLE_BROKER 
GO
ALTER DATABASE [QuanLyNhanSu_NMC] SET AUTO_UPDATE_STATISTICS_ASYNC OFF 
GO
ALTER DATABASE [QuanLyNhanSu_NMC] SET DATE_CORRELATION_OPTIMIZATION OFF 
GO
ALTER DATABASE [QuanLyNhanSu_NMC] SET TRUSTWORTHY OFF 
GO
ALTER DATABASE [QuanLyNhanSu_NMC] SET ALLOW_SNAPSHOT_ISOLATION OFF 
GO
ALTER DATABASE [QuanLyNhanSu_NMC] SET PARAMETERIZATION SIMPLE 
GO
ALTER DATABASE [QuanLyNhanSu_NMC] SET READ_COMMITTED_SNAPSHOT OFF 
GO
ALTER DATABASE [QuanLyNhanSu_NMC] SET HONOR_BROKER_PRIORITY OFF 
GO
ALTER DATABASE [QuanLyNhanSu_NMC] SET RECOVERY FULL 
GO
ALTER DATABASE [QuanLyNhanSu_NMC] SET  MULTI_USER 
GO
ALTER DATABASE [QuanLyNhanSu_NMC] SET PAGE_VERIFY CHECKSUM  
GO
ALTER DATABASE [QuanLyNhanSu_NMC] SET DB_CHAINING OFF 
GO
ALTER DATABASE [QuanLyNhanSu_NMC] SET FILESTREAM( NON_TRANSACTED_ACCESS = OFF ) 
GO
ALTER DATABASE [QuanLyNhanSu_NMC] SET TARGET_RECOVERY_TIME = 60 SECONDS 
GO
ALTER DATABASE [QuanLyNhanSu_NMC] SET DELAYED_DURABILITY = DISABLED 
GO
EXEC sys.sp_db_vardecimal_storage_format N'QUANLYNHANSUNN', N'ON'
GO
ALTER DATABASE [QuanLyNhanSu_NMC] SET QUERY_STORE = OFF
GO
USE [QuanLyNhanSu_NMC]
GO
/****** Object:  Table [dbo].[CHUCVU]    Script Date: 12/21/2020 3:11:34 PM ******/
SET ANSI_NULLS ON
GO
SET QUOTED_IDENTIFIER ON
GO
CREATE TABLE [dbo].[CHUCVU](
	[ID] [int] IDENTITY(1,1) NOT NULL,
	[TEN] [nvarchar](max) NULL,
	[PHUCAPCHUCVU] [float] NULL,
	[KIHIEUCHUCVU] [varchar](50) NULL,
	[GHICHU] [nvarchar](50) NULL,
PRIMARY KEY CLUSTERED 
(
	[ID] ASC
)WITH (PAD_INDEX = OFF, STATISTICS_NORECOMPUTE = OFF, IGNORE_DUP_KEY = OFF, ALLOW_ROW_LOCKS = ON, ALLOW_PAGE_LOCKS = ON) ON [PRIMARY]
) ON [PRIMARY] TEXTIMAGE_ON [PRIMARY]
GO
/****** Object:  Table [dbo].[DANTOC]    Script Date: 12/21/2020 3:11:34 PM ******/
SET ANSI_NULLS ON
GO
SET QUOTED_IDENTIFIER ON
GO
CREATE TABLE [dbo].[DANTOC](
	[ID] [int] IDENTITY(1,1) NOT NULL,
	[TEN] [nvarchar](max) NULL,
	[GHICHU] [nvarchar](50) NULL,
PRIMARY KEY CLUSTERED 
(
	[ID] ASC
)WITH (PAD_INDEX = OFF, STATISTICS_NORECOMPUTE = OFF, IGNORE_DUP_KEY = OFF, ALLOW_ROW_LOCKS = ON, ALLOW_PAGE_LOCKS = ON) ON [PRIMARY]
) ON [PRIMARY] TEXTIMAGE_ON [PRIMARY]
GO
/****** Object:  Table [dbo].[NGOAINGU]    Script Date: 12/21/2020 3:11:34 PM ******/
SET ANSI_NULLS ON
GO
SET QUOTED_IDENTIFIER ON
GO
CREATE TABLE [dbo].[NGOAINGU](
	[ID] [int] IDENTITY(1,1) NOT NULL,
	[TEN] [nvarchar](max) NULL,
	[GHICHU] [nvarchar](50) NULL,
PRIMARY KEY CLUSTERED 
(
	[ID] ASC
)WITH (PAD_INDEX = OFF, STATISTICS_NORECOMPUTE = OFF, IGNORE_DUP_KEY = OFF, ALLOW_ROW_LOCKS = ON, ALLOW_PAGE_LOCKS = ON) ON [PRIMARY]
) ON [PRIMARY] TEXTIMAGE_ON [PRIMARY]
GO
/****** Object:  Table [dbo].[NHANVIEN]    Script Date: 12/21/2020 3:11:34 PM ******/
SET ANSI_NULLS ON
GO
SET QUOTED_IDENTIFIER ON
GO
CREATE TABLE [dbo].[NHANVIEN](
	[ID] [int] IDENTITY(1,1) NOT NULL,
	[MANV] [varchar](max) NULL,
	[PHONGBANID] [int] NULL,
	[CHUCVUID] [int] NULL,
	[HOTEN] [nvarchar](max) NULL,
	[NGAYSINH] [datetime] NULL,
	[GIOITINH] [int] NULL,
	[NOISINH] [nvarchar](max) NULL,
	[MATKHAU] [varchar](max) NULL,
	[TAIKHOAN] [varchar](max) NULL,
	[DANTOCID] [int] NULL,
	[TONGIAOID] [int] NULL,
	[TRINHDOHOCVANID] [int] NULL,
	[NGOAINGUID] [int] NULL,
	[LUONG] [float] NULL,
PRIMARY KEY CLUSTERED 
(
	[ID] ASC
)WITH (PAD_INDEX = OFF, STATISTICS_NORECOMPUTE = OFF, IGNORE_DUP_KEY = OFF, ALLOW_ROW_LOCKS = ON, ALLOW_PAGE_LOCKS = ON) ON [PRIMARY]
) ON [PRIMARY] TEXTIMAGE_ON [PRIMARY]
GO
/****** Object:  Table [dbo].[PHONGBAN]    Script Date: 12/21/2020 3:11:34 PM ******/
SET ANSI_NULLS ON
GO
SET QUOTED_IDENTIFIER ON
GO
CREATE TABLE [dbo].[PHONGBAN](
	[ID] [int] IDENTITY(1,1) NOT NULL,
	[TEN] [nvarchar](max) NULL,
	[IDCAPTREN] [int] NULL,
	[NGAYTHANHLAP] [datetime] NULL,
	[MOTAPHONGBAN] [nvarchar](max) NULL,
	[DIADIEM] [nvarchar](max) NULL,
	[KIHIEUPHONG] [varchar](50) NULL,
PRIMARY KEY CLUSTERED 
(
	[ID] ASC
)WITH (PAD_INDEX = OFF, STATISTICS_NORECOMPUTE = OFF, IGNORE_DUP_KEY = OFF, ALLOW_ROW_LOCKS = ON, ALLOW_PAGE_LOCKS = ON) ON [PRIMARY]
) ON [PRIMARY] TEXTIMAGE_ON [PRIMARY]
GO
/****** Object:  Table [dbo].[THANNHAN]    Script Date: 12/21/2020 3:11:34 PM ******/
SET ANSI_NULLS ON
GO
SET QUOTED_IDENTIFIER ON
GO
CREATE TABLE [dbo].[THANNHAN](
	[IDTN] [int] IDENTITY(1,1) NOT NULL,
	[HOTEN] [nvarchar](max) NULL,
	[NGAYSINH] [datetime] NULL,
	[GIOITINH] [int] NULL,
	[QUANHEGDID] [nvarchar](max) NULL,
	[NHANVIENID] [int] NULL,
	[MATN] [varchar](50) NULL,
PRIMARY KEY CLUSTERED 
(
	[IDTN] ASC
)WITH (PAD_INDEX = OFF, STATISTICS_NORECOMPUTE = OFF, IGNORE_DUP_KEY = OFF, ALLOW_ROW_LOCKS = ON, ALLOW_PAGE_LOCKS = ON) ON [PRIMARY]
) ON [PRIMARY] TEXTIMAGE_ON [PRIMARY]
GO
/****** Object:  Table [dbo].[TONGIAO]    Script Date: 12/21/2020 3:11:34 PM ******/
SET ANSI_NULLS ON
GO
SET QUOTED_IDENTIFIER ON
GO
CREATE TABLE [dbo].[TONGIAO](
	[ID] [int] IDENTITY(1,1) NOT NULL,
	[TEN] [nvarchar](max) NULL,
	[GHICHU] [nvarchar](50) NULL,
PRIMARY KEY CLUSTERED 
(
	[ID] ASC
)WITH (PAD_INDEX = OFF, STATISTICS_NORECOMPUTE = OFF, IGNORE_DUP_KEY = OFF, ALLOW_ROW_LOCKS = ON, ALLOW_PAGE_LOCKS = ON) ON [PRIMARY]
) ON [PRIMARY] TEXTIMAGE_ON [PRIMARY]
GO
/****** Object:  Table [dbo].[TRINHDOHOCVAN]    Script Date: 12/21/2020 3:11:34 PM ******/
SET ANSI_NULLS ON
GO
SET QUOTED_IDENTIFIER ON
GO
CREATE TABLE [dbo].[TRINHDOHOCVAN](
	[ID] [int] IDENTITY(1,1) NOT NULL,
	[TEN] [nvarchar](max) NULL,
	[GHICHU] [nvarchar](50) NULL,
PRIMARY KEY CLUSTERED 
(
	[ID] ASC
)WITH (PAD_INDEX = OFF, STATISTICS_NORECOMPUTE = OFF, IGNORE_DUP_KEY = OFF, ALLOW_ROW_LOCKS = ON, ALLOW_PAGE_LOCKS = ON) ON [PRIMARY]
) ON [PRIMARY] TEXTIMAGE_ON [PRIMARY]
GO
SET IDENTITY_INSERT [dbo].[CHUCVU] ON 

INSERT [dbo].[CHUCVU] ([ID], [TEN], [PHUCAPCHUCVU], [KIHIEUCHUCVU], [GHICHU]) VALUES (1, N'Giám đốc', 15, NULL, NULL)
INSERT [dbo].[CHUCVU] ([ID], [TEN], [PHUCAPCHUCVU], [KIHIEUCHUCVU], [GHICHU]) VALUES (2, N'Phó giám đốc', 12, NULL, NULL)
INSERT [dbo].[CHUCVU] ([ID], [TEN], [PHUCAPCHUCVU], [KIHIEUCHUCVU], [GHICHU]) VALUES (3, N'Trưởng phòng', 10, NULL, NULL)
INSERT [dbo].[CHUCVU] ([ID], [TEN], [PHUCAPCHUCVU], [KIHIEUCHUCVU], [GHICHU]) VALUES (4, N'Phó trưởng phòng', 8, NULL, NULL)
INSERT [dbo].[CHUCVU] ([ID], [TEN], [PHUCAPCHUCVU], [KIHIEUCHUCVU], [GHICHU]) VALUES (5, N'Nhân viên', 6, NULL, NULL)
SET IDENTITY_INSERT [dbo].[CHUCVU] OFF
SET IDENTITY_INSERT [dbo].[DANTOC] ON 

INSERT [dbo].[DANTOC] ([ID], [TEN], [GHICHU]) VALUES (1, N'Kinh', NULL)
INSERT [dbo].[DANTOC] ([ID], [TEN], [GHICHU]) VALUES (2, N'Tày', NULL)
INSERT [dbo].[DANTOC] ([ID], [TEN], [GHICHU]) VALUES (3, N'Nùng', NULL)
INSERT [dbo].[DANTOC] ([ID], [TEN], [GHICHU]) VALUES (4, N'Khome', NULL)
INSERT [dbo].[DANTOC] ([ID], [TEN], [GHICHU]) VALUES (5, N'Mông', NULL)
INSERT [dbo].[DANTOC] ([ID], [TEN], [GHICHU]) VALUES (6, N'Thái', NULL)
INSERT [dbo].[DANTOC] ([ID], [TEN], [GHICHU]) VALUES (7, N'Dao', NULL)
INSERT [dbo].[DANTOC] ([ID], [TEN], [GHICHU]) VALUES (8, N'Êde', NULL)
INSERT [dbo].[DANTOC] ([ID], [TEN], [GHICHU]) VALUES (9, N'Hoa', NULL)
INSERT [dbo].[DANTOC] ([ID], [TEN], [GHICHU]) VALUES (10, N'Nùng', NULL)
SET IDENTITY_INSERT [dbo].[DANTOC] OFF
SET IDENTITY_INSERT [dbo].[NGOAINGU] ON 

INSERT [dbo].[NGOAINGU] ([ID], [TEN], [GHICHU]) VALUES (1, N'A1', NULL)
INSERT [dbo].[NGOAINGU] ([ID], [TEN], [GHICHU]) VALUES (2, N'A2', NULL)
INSERT [dbo].[NGOAINGU] ([ID], [TEN], [GHICHU]) VALUES (3, N'B1', NULL)
INSERT [dbo].[NGOAINGU] ([ID], [TEN], [GHICHU]) VALUES (4, N'B2', NULL)
INSERT [dbo].[NGOAINGU] ([ID], [TEN], [GHICHU]) VALUES (5, N'C1', NULL)
INSERT [dbo].[NGOAINGU] ([ID], [TEN], [GHICHU]) VALUES (6, N'C2', NULL)
INSERT [dbo].[NGOAINGU] ([ID], [TEN], [GHICHU]) VALUES (7, N'TOEIC', NULL)
SET IDENTITY_INSERT [dbo].[NGOAINGU] OFF
SET IDENTITY_INSERT [dbo].[NHANVIEN] ON 

INSERT [dbo].[NHANVIEN] ([ID], [MANV], [PHONGBANID], [CHUCVUID], [HOTEN], [NGAYSINH], [GIOITINH], [NOISINH], [MATKHAU], [TAIKHOAN], [DANTOCID], [TONGIAOID], [TRINHDOHOCVANID], [NGOAINGUID], [LUONG]) VALUES (1, N'NV0001', 1, 1, N'Nguyễn Mạnh Cường', CAST(N'1995-07-11T00:00:00.000' AS DateTime), 2, N'Nghệ An', N'123456', N'cuongtop', 1, 4, 5, 4, 30000000)
INSERT [dbo].[NHANVIEN] ([ID], [MANV], [PHONGBANID], [CHUCVUID], [HOTEN], [NGAYSINH], [GIOITINH], [NOISINH], [MATKHAU], [TAIKHOAN], [DANTOCID], [TONGIAOID], [TRINHDOHOCVANID], [NGOAINGUID], [LUONG]) VALUES (2, N'NV0002', 2, 3, N'Nguyễn Vĩnh HIền', CAST(N'1995-11-11T00:00:00.000' AS DateTime), 1, N'Nghệ An', N'123456', N'vinhhien', 1, 4, 4, 3, 20000000)
INSERT [dbo].[NHANVIEN] ([ID], [MANV], [PHONGBANID], [CHUCVUID], [HOTEN], [NGAYSINH], [GIOITINH], [NOISINH], [MATKHAU], [TAIKHOAN], [DANTOCID], [TONGIAOID], [TRINHDOHOCVANID], [NGOAINGUID], [LUONG]) VALUES (3, N'NV0003', 3, 3, N'Triệu Ninh Ngân', CAST(N'1993-12-11T00:00:00.000' AS DateTime), 1, N'Hà Tĩnh', N'123456', N'ngancho', 1, 4, 3, 4, 20000000)
INSERT [dbo].[NHANVIEN] ([ID], [MANV], [PHONGBANID], [CHUCVUID], [HOTEN], [NGAYSINH], [GIOITINH], [NOISINH], [MATKHAU], [TAIKHOAN], [DANTOCID], [TONGIAOID], [TRINHDOHOCVANID], [NGOAINGUID], [LUONG]) VALUES (4, N'NV0004', 4, 3, N'Nguyễn Quốc Khánh', CAST(N'1990-01-11T00:00:00.000' AS DateTime), 1, N'Quảng Bình', N'123456', N'khanhngao', 2, 4, 4, 3, 20000000)
INSERT [dbo].[NHANVIEN] ([ID], [MANV], [PHONGBANID], [CHUCVUID], [HOTEN], [NGAYSINH], [GIOITINH], [NOISINH], [MATKHAU], [TAIKHOAN], [DANTOCID], [TONGIAOID], [TRINHDOHOCVANID], [NGOAINGUID], [LUONG]) VALUES (5, N'NV0005', 5, 3, N'Nguyễn Minh Trí', CAST(N'1970-01-02T00:00:00.000' AS DateTime), 1, N'Hưng Yên', N'123456', N'minhtri', 2, 4, 5, 4, 20000000)
INSERT [dbo].[NHANVIEN] ([ID], [MANV], [PHONGBANID], [CHUCVUID], [HOTEN], [NGAYSINH], [GIOITINH], [NOISINH], [MATKHAU], [TAIKHOAN], [DANTOCID], [TONGIAOID], [TRINHDOHOCVANID], [NGOAINGUID], [LUONG]) VALUES (6, N'NV0006', 1, 2, N'San Kham', CAST(N'1990-08-01T00:00:00.000' AS DateTime), 1, N'Nam Định', N'123456', N'sankham', 3, 1, 3, 5, 24000000)
INSERT [dbo].[NHANVIEN] ([ID], [MANV], [PHONGBANID], [CHUCVUID], [HOTEN], [NGAYSINH], [GIOITINH], [NOISINH], [MATKHAU], [TAIKHOAN], [DANTOCID], [TONGIAOID], [TRINHDOHOCVANID], [NGOAINGUID], [LUONG]) VALUES (7, N'NV0007', 2, 4, N'Trần Sang Anh', CAST(N'1994-03-01T00:00:00.000' AS DateTime), 2, N'Hà Giang', N'123456', N'sanganh', 3, 3, 3, 6, 16000000)
INSERT [dbo].[NHANVIEN] ([ID], [MANV], [PHONGBANID], [CHUCVUID], [HOTEN], [NGAYSINH], [GIOITINH], [NOISINH], [MATKHAU], [TAIKHOAN], [DANTOCID], [TONGIAOID], [TRINHDOHOCVANID], [NGOAINGUID], [LUONG]) VALUES (8, N'NV0008', 3, 4, N'Lê Duy Dũng', CAST(N'1985-04-01T00:00:00.000' AS DateTime), 2, N'Cao Bằng ', N'123456', N'duydung', 4, 2, 2, 1, 16000000)
INSERT [dbo].[NHANVIEN] ([ID], [MANV], [PHONGBANID], [CHUCVUID], [HOTEN], [NGAYSINH], [GIOITINH], [NOISINH], [MATKHAU], [TAIKHOAN], [DANTOCID], [TONGIAOID], [TRINHDOHOCVANID], [NGOAINGUID], [LUONG]) VALUES (9, N'NV0009', 4, 4, N'Đỗ Quang Duy', CAST(N'1992-02-01T00:00:00.000' AS DateTime), 2, N'Hưng Yên', N'123456', N'quangduy', 5, 3, 2, 2, 16000000)
INSERT [dbo].[NHANVIEN] ([ID], [MANV], [PHONGBANID], [CHUCVUID], [HOTEN], [NGAYSINH], [GIOITINH], [NOISINH], [MATKHAU], [TAIKHOAN], [DANTOCID], [TONGIAOID], [TRINHDOHOCVANID], [NGOAINGUID], [LUONG]) VALUES (10, N'NV0010', 5, 4, N'Nguyễn Đình Việt', CAST(N'1988-01-01T00:00:00.000' AS DateTime), 1, N'Thanh Hóa', N'123456', N'dinhviet', 6, 2, 2, 3, 16000000)
INSERT [dbo].[NHANVIEN] ([ID], [MANV], [PHONGBANID], [CHUCVUID], [HOTEN], [NGAYSINH], [GIOITINH], [NOISINH], [MATKHAU], [TAIKHOAN], [DANTOCID], [TONGIAOID], [TRINHDOHOCVANID], [NGOAINGUID], [LUONG]) VALUES (11, N'NV0011', 1, 5, N'Đỗ Văn Hoàng', CAST(N'1987-01-01T00:00:00.000' AS DateTime), 1, N'Hà Nội', N'123456', N'vanhoang', 7, 3, 2, 4, 12000000)
INSERT [dbo].[NHANVIEN] ([ID], [MANV], [PHONGBANID], [CHUCVUID], [HOTEN], [NGAYSINH], [GIOITINH], [NOISINH], [MATKHAU], [TAIKHOAN], [DANTOCID], [TONGIAOID], [TRINHDOHOCVANID], [NGOAINGUID], [LUONG]) VALUES (12, N'NV0012', 2, 5, N'Trần Ngọc Tiến', CAST(N'1984-02-01T00:00:00.000' AS DateTime), 1, N'Hà Tĩnh', N'123456', N'ngoctien', 8, 5, 2, 1, 12000000)
INSERT [dbo].[NHANVIEN] ([ID], [MANV], [PHONGBANID], [CHUCVUID], [HOTEN], [NGAYSINH], [GIOITINH], [NOISINH], [MATKHAU], [TAIKHOAN], [DANTOCID], [TONGIAOID], [TRINHDOHOCVANID], [NGOAINGUID], [LUONG]) VALUES (13, N'NV0013', 3, 5, N'Phạm Văn Hoàng', CAST(N'1983-01-01T00:00:00.000' AS DateTime), 1, N'Quảng Bình', N'123456', N'manhcuong', 9, 5, 2, 2, 12000000)
INSERT [dbo].[NHANVIEN] ([ID], [MANV], [PHONGBANID], [CHUCVUID], [HOTEN], [NGAYSINH], [GIOITINH], [NOISINH], [MATKHAU], [TAIKHOAN], [DANTOCID], [TONGIAOID], [TRINHDOHOCVANID], [NGOAINGUID], [LUONG]) VALUES (14, N'NV0014', 4, 5, N'Phạm Mạnh Cường', CAST(N'1982-01-01T00:00:00.000' AS DateTime), 1, N'Huế', N'123456', N'phamcuong', 2, 4, 1, 3, 12000000)
INSERT [dbo].[NHANVIEN] ([ID], [MANV], [PHONGBANID], [CHUCVUID], [HOTEN], [NGAYSINH], [GIOITINH], [NOISINH], [MATKHAU], [TAIKHOAN], [DANTOCID], [TONGIAOID], [TRINHDOHOCVANID], [NGOAINGUID], [LUONG]) VALUES (15, N'NV0015', 5, 5, N'Nguyễn Văn Hải', CAST(N'1981-01-01T00:00:00.000' AS DateTime), 1, N'Hà Nội', N'123456', N'vanhai', 3, 3, 2, 4, 12000000)
INSERT [dbo].[NHANVIEN] ([ID], [MANV], [PHONGBANID], [CHUCVUID], [HOTEN], [NGAYSINH], [GIOITINH], [NOISINH], [MATKHAU], [TAIKHOAN], [DANTOCID], [TONGIAOID], [TRINHDOHOCVANID], [NGOAINGUID], [LUONG]) VALUES (16, N'NV0016', 1, 5, N'Trần Hải Dương', CAST(N'1980-01-01T00:00:00.000' AS DateTime), 1, N'Hà Nội', N'123456', N'haiduong', 4, 2, 3, 5, 12000000)
INSERT [dbo].[NHANVIEN] ([ID], [MANV], [PHONGBANID], [CHUCVUID], [HOTEN], [NGAYSINH], [GIOITINH], [NOISINH], [MATKHAU], [TAIKHOAN], [DANTOCID], [TONGIAOID], [TRINHDOHOCVANID], [NGOAINGUID], [LUONG]) VALUES (17, N'NV0017', 2, 5, N'La La La', CAST(N'1979-04-01T00:00:00.000' AS DateTime), 1, N'Ninh Bình', N'123456', N'lala', 5, 1, 4, 6, 12000000)
INSERT [dbo].[NHANVIEN] ([ID], [MANV], [PHONGBANID], [CHUCVUID], [HOTEN], [NGAYSINH], [GIOITINH], [NOISINH], [MATKHAU], [TAIKHOAN], [DANTOCID], [TONGIAOID], [TRINHDOHOCVANID], [NGOAINGUID], [LUONG]) VALUES (18, N'NV0018', 3, 5, N'Hi Hi Hi', CAST(N'1977-05-01T00:00:00.000' AS DateTime), 1, N'Phú Thọ', N'123456', N'hihi', 6, 1, 5, 1, 12000000)
INSERT [dbo].[NHANVIEN] ([ID], [MANV], [PHONGBANID], [CHUCVUID], [HOTEN], [NGAYSINH], [GIOITINH], [NOISINH], [MATKHAU], [TAIKHOAN], [DANTOCID], [TONGIAOID], [TRINHDOHOCVANID], [NGOAINGUID], [LUONG]) VALUES (19, N'NV0019', 4, 5, N'Nguyễn Văn He', CAST(N'1990-07-01T00:00:00.000' AS DateTime), 1, N'Bắc Ninh', N'123456', N'vanhe', 7, 2, 1, 2, 12000000)
INSERT [dbo].[NHANVIEN] ([ID], [MANV], [PHONGBANID], [CHUCVUID], [HOTEN], [NGAYSINH], [GIOITINH], [NOISINH], [MATKHAU], [TAIKHOAN], [DANTOCID], [TONGIAOID], [TRINHDOHOCVANID], [NGOAINGUID], [LUONG]) VALUES (20, N'NV0020', 5, 5, N'Hò Văn Hó', CAST(N'1992-04-02T00:00:00.000' AS DateTime), 1, N'Phú Thọ', N'123456', N'vanho', 9, 3, 2, 3, 12000000)
INSERT [dbo].[NHANVIEN] ([ID], [MANV], [PHONGBANID], [CHUCVUID], [HOTEN], [NGAYSINH], [GIOITINH], [NOISINH], [MATKHAU], [TAIKHOAN], [DANTOCID], [TONGIAOID], [TRINHDOHOCVANID], [NGOAINGUID], [LUONG]) VALUES (21, N'NV0021', 1, 5, N'Anh Văn Yêu', CAST(N'1996-04-03T00:00:00.000' AS DateTime), 1, N'Vĩnh Phúc', N'123456', N'vanyeu', 6, 4, 1, 4, 12000000)
INSERT [dbo].[NHANVIEN] ([ID], [MANV], [PHONGBANID], [CHUCVUID], [HOTEN], [NGAYSINH], [GIOITINH], [NOISINH], [MATKHAU], [TAIKHOAN], [DANTOCID], [TONGIAOID], [TRINHDOHOCVANID], [NGOAINGUID], [LUONG]) VALUES (22, N'NV0022', 2, 5, N'Yêu Văn Em', CAST(N'1992-05-03T00:00:00.000' AS DateTime), 1, N'Thái Nguyên', N'123456', N'vanem', 7, 5, 2, 5, 12000000)
INSERT [dbo].[NHANVIEN] ([ID], [MANV], [PHONGBANID], [CHUCVUID], [HOTEN], [NGAYSINH], [GIOITINH], [NOISINH], [MATKHAU], [TAIKHOAN], [DANTOCID], [TONGIAOID], [TRINHDOHOCVANID], [NGOAINGUID], [LUONG]) VALUES (23, N'NV0023', 3, 5, N'Không Yêu Em', CAST(N'1990-02-02T00:00:00.000' AS DateTime), 1, N'Vĩnh Phúc', N'123456', N'yeuem', 4, 4, 1, 6, 12000000)
INSERT [dbo].[NHANVIEN] ([ID], [MANV], [PHONGBANID], [CHUCVUID], [HOTEN], [NGAYSINH], [GIOITINH], [NOISINH], [MATKHAU], [TAIKHOAN], [DANTOCID], [TONGIAOID], [TRINHDOHOCVANID], [NGOAINGUID], [LUONG]) VALUES (24, N'NV0024', 4, 5, N'Em Yêu Không', CAST(N'1995-04-03T00:00:00.000' AS DateTime), 1, N'Ninh Bình', N'123456', N'yeukhong', 6, 4, 1, 1, 12000000)
INSERT [dbo].[NHANVIEN] ([ID], [MANV], [PHONGBANID], [CHUCVUID], [HOTEN], [NGAYSINH], [GIOITINH], [NOISINH], [MATKHAU], [TAIKHOAN], [DANTOCID], [TONGIAOID], [TRINHDOHOCVANID], [NGOAINGUID], [LUONG]) VALUES (25, N'NV0025', 5, 5, N'Là Lé La', CAST(N'1992-04-03T00:00:00.000' AS DateTime), 1, N'Nam Định', N'123456', N'lelala', 8, 4, 2, 1, 12000000)
INSERT [dbo].[NHANVIEN] ([ID], [MANV], [PHONGBANID], [CHUCVUID], [HOTEN], [NGAYSINH], [GIOITINH], [NOISINH], [MATKHAU], [TAIKHOAN], [DANTOCID], [TONGIAOID], [TRINHDOHOCVANID], [NGOAINGUID], [LUONG]) VALUES (28, N'NV0026', 5, 5, N'Úm Ba La', CAST(N'1990-02-06T11:27:34.000' AS DateTime), 0, N'Hà giang', NULL, NULL, 6, 4, 1, 1, 0)
SET IDENTITY_INSERT [dbo].[NHANVIEN] OFF
SET IDENTITY_INSERT [dbo].[PHONGBAN] ON 

INSERT [dbo].[PHONGBAN] ([ID], [TEN], [IDCAPTREN], [NGAYTHANHLAP], [MOTAPHONGBAN], [DIADIEM], [KIHIEUPHONG]) VALUES (1, N'Phòng Giám Đốc', 1, NULL, NULL, NULL, NULL)
INSERT [dbo].[PHONGBAN] ([ID], [TEN], [IDCAPTREN], [NGAYTHANHLAP], [MOTAPHONGBAN], [DIADIEM], [KIHIEUPHONG]) VALUES (2, N'Phòng tài chính', 2, NULL, NULL, NULL, NULL)
INSERT [dbo].[PHONGBAN] ([ID], [TEN], [IDCAPTREN], [NGAYTHANHLAP], [MOTAPHONGBAN], [DIADIEM], [KIHIEUPHONG]) VALUES (3, N'Phòng nhân sự', 3, NULL, NULL, NULL, NULL)
INSERT [dbo].[PHONGBAN] ([ID], [TEN], [IDCAPTREN], [NGAYTHANHLAP], [MOTAPHONGBAN], [DIADIEM], [KIHIEUPHONG]) VALUES (4, N'Phòng hành chính', 4, NULL, NULL, NULL, NULL)
INSERT [dbo].[PHONGBAN] ([ID], [TEN], [IDCAPTREN], [NGAYTHANHLAP], [MOTAPHONGBAN], [DIADIEM], [KIHIEUPHONG]) VALUES (5, N'Phòng kế hoạch', 5, NULL, NULL, NULL, NULL)
SET IDENTITY_INSERT [dbo].[PHONGBAN] OFF
SET IDENTITY_INSERT [dbo].[THANNHAN] ON 

INSERT [dbo].[THANNHAN] ([IDTN], [HOTEN], [NGAYSINH], [GIOITINH], [QUANHEGDID], [NHANVIENID], [MATN]) VALUES (1, N'Nguyễn Mạnh Cường', CAST(N'1940-01-13T00:00:00.000' AS DateTime), 1, N'Bố đẻ', 2, N'TN0001')
INSERT [dbo].[THANNHAN] ([IDTN], [HOTEN], [NGAYSINH], [GIOITINH], [QUANHEGDID], [NHANVIENID], [MATN]) VALUES (2, N'Nguyễn Vĩnh Hiền', CAST(N'1994-01-01T00:00:00.000' AS DateTime), 1, N'Em trai', 3, N'TN0002')
INSERT [dbo].[THANNHAN] ([IDTN], [HOTEN], [NGAYSINH], [GIOITINH], [QUANHEGDID], [NHANVIENID], [MATN]) VALUES (3, N'Triệu Ninh Ngân', CAST(N'1980-01-01T00:00:00.000' AS DateTime), 1, N'Em trai', 4, N'TN0003')
INSERT [dbo].[THANNHAN] ([IDTN], [HOTEN], [NGAYSINH], [GIOITINH], [QUANHEGDID], [NHANVIENID], [MATN]) VALUES (4, N'Nguyễn Minh Tí', CAST(N'1980-01-01T00:00:00.000' AS DateTime), 1, N'anh trai', 9, N'TN0004')
SET IDENTITY_INSERT [dbo].[THANNHAN] OFF
SET IDENTITY_INSERT [dbo].[TONGIAO] ON 

INSERT [dbo].[TONGIAO] ([ID], [TEN], [GHICHU]) VALUES (1, N'Thiên chúa giáo', NULL)
INSERT [dbo].[TONGIAO] ([ID], [TEN], [GHICHU]) VALUES (2, N'Cao đài', NULL)
INSERT [dbo].[TONGIAO] ([ID], [TEN], [GHICHU]) VALUES (3, N'Hòa Hảo', NULL)
INSERT [dbo].[TONGIAO] ([ID], [TEN], [GHICHU]) VALUES (4, N'Không', NULL)
INSERT [dbo].[TONGIAO] ([ID], [TEN], [GHICHU]) VALUES (5, N'Kito giáo', NULL)
SET IDENTITY_INSERT [dbo].[TONGIAO] OFF
SET IDENTITY_INSERT [dbo].[TRINHDOHOCVAN] ON 

INSERT [dbo].[TRINHDOHOCVAN] ([ID], [TEN], [GHICHU]) VALUES (1, N'12/12', NULL)
INSERT [dbo].[TRINHDOHOCVAN] ([ID], [TEN], [GHICHU]) VALUES (2, N'Đại Học', NULL)
INSERT [dbo].[TRINHDOHOCVAN] ([ID], [TEN], [GHICHU]) VALUES (3, N'Thạc sĩ', NULL)
INSERT [dbo].[TRINHDOHOCVAN] ([ID], [TEN], [GHICHU]) VALUES (4, N'Tiến sĩ', NULL)
INSERT [dbo].[TRINHDOHOCVAN] ([ID], [TEN], [GHICHU]) VALUES (5, N'Phó giáo sư', NULL)
INSERT [dbo].[TRINHDOHOCVAN] ([ID], [TEN], [GHICHU]) VALUES (6, N'Chuyên gia kinh tế', NULL)
SET IDENTITY_INSERT [dbo].[TRINHDOHOCVAN] OFF
ALTER TABLE [dbo].[NHANVIEN]  WITH CHECK ADD FOREIGN KEY([CHUCVUID])
REFERENCES [dbo].[CHUCVU] ([ID])
GO
ALTER TABLE [dbo].[NHANVIEN]  WITH CHECK ADD FOREIGN KEY([DANTOCID])
REFERENCES [dbo].[DANTOC] ([ID])
GO
ALTER TABLE [dbo].[NHANVIEN]  WITH CHECK ADD FOREIGN KEY([NGOAINGUID])
REFERENCES [dbo].[NGOAINGU] ([ID])
GO
ALTER TABLE [dbo].[NHANVIEN]  WITH CHECK ADD FOREIGN KEY([PHONGBANID])
REFERENCES [dbo].[PHONGBAN] ([ID])
GO
ALTER TABLE [dbo].[NHANVIEN]  WITH CHECK ADD FOREIGN KEY([TONGIAOID])
REFERENCES [dbo].[TONGIAO] ([ID])
GO
ALTER TABLE [dbo].[NHANVIEN]  WITH CHECK ADD FOREIGN KEY([TRINHDOHOCVANID])
REFERENCES [dbo].[TRINHDOHOCVAN] ([ID])
GO
ALTER TABLE [dbo].[THANNHAN]  WITH CHECK ADD FOREIGN KEY([NHANVIENID])
REFERENCES [dbo].[NHANVIEN] ([ID])
GO
USE [master]
GO
ALTER DATABASE [QuanLyNhanSu_NMC] SET  READ_WRITE 
GO
